{
  "SendDoNotTrackSignals" : true,
  "TcpKeepAliveIdleTimeSeconds" : 0,
  "HttpSplitFragmentSize" : 1,
  "UserscriptsEnabled" : true,
  "VpnRevocationRecoveryRescheduleDelay" : 5000,
  "SelfDestructingFirstPartyCookie" : false,
  "OutboundProxyAllowToFilterDnsRequests" : false,
  "BlockPushApi" : false,
  "RemovedHtmlLogEnabled" : false,
  "BlockWebRtc" : false,
  "ReconfigureAutoProxyOnNetworkChange" : false,
  "ExcludedIPv6Routes" : "// Service subnets (including link-local, lan, multicast)\nf000::/4",
  "ExcludedPackagesAndUids" : "// Disable for \"radio\": https://github.com/AdguardTeam/AdguardForAndroid/issues/1058\n1001\n// Disable for \"system\": https://github.com/AdguardTeam/AdguardForAndroid/issues/2550\n1000\n// Disable Downloads Manager https://github.com/AdguardTeam/AdguardForAndroid/issues/3355\ncom.android.providers.downloads\ncom.android.providers.downloads.ui\n// Disable AdGuard VPN\ncom.adguard.vpn\n// Realme devices have their own Download Manager https://github.com/AdguardTeam/AdGuardVPNForAndroid/issues/95\ncom.coloros.providers.downloads.ui",
  "CustomReferer" : "",
  "ThirdPartyCookieValue" : 180,
  "DisableThirdPartyRequestsAuthorization" : false,
  "StealthModeEnabled" : true,
  "HideUserAgent" : false,
  "RoutingMode" : "LocalVpn",
  "LanguageSpecificAdBlockingEnabled" : true,
  "ProtectFromDpi" : false,
  "HttpSpaceJuggling" : false,
  "Userscripts" : [ {
    "meta" : {
      "name" : "AdGuard Extra",
      "enabled" : true,
      "url" : "https://userscripts.adtidy.org/release/adguard-extra/1.0/adguard-extra.user.js",
      "lastTimeDownloaded" : 1703936957235
    },
    "pathToJsonMeta" : "/userscripts/AdGuard Extra.meta",
    "pathToSource" : "/userscripts/AdGuard Extra.source"
  }, {
    "meta" : {
      "name" : "Disable AMP",
      "enabled" : true,
      "url" : "https://userscripts.adtidy.org/release/disable-amp/1.0/disable-amp.user.js",
      "lastTimeDownloaded" : 1704205055807
    },
    "pathToJsonMeta" : "/userscripts/Disable AMP.meta",
    "pathToSource" : "/userscripts/Disable AMP.source"
  }, {
    "meta" : {
      "name" : "AdGuard Popup Blocker (Beta)",
      "enabled" : true,
      "url" : "https://userscripts.adtidy.org/beta/popup-blocker/2.5/popupblocker.user.js",
      "lastTimeDownloaded" : 1704291698293
    },
    "pathToJsonMeta" : "/userscripts/AdGuard Popup Blocker (Beta).meta",
    "pathToSource" : "/userscripts/AdGuard Popup Blocker (Beta).source"
  } ],
  "AnnoyancesBlockingEnabled" : true,
  "QuicBypassPackages" : "// https://github.com/AdguardTeam/AdguardForAndroid/issues/3866\ncom.zhiliaoapp.musically\n// https://github.com/AdguardTeam/AdguardForAndroid/issues/3879\ncom.instagram.android\n",
  "FirstPartyCookieValue" : 4320,
  "HideRefererFromThirdParties" : false,
  "DisableCacheForThirdPartyRequests" : false,
  "AdBlockingEnabled" : true,
  "VpnRevocationRecoveryDelay" : 5000,
  "BlockLocation" : false,
  "HideSearchQuery" : true,
  "RemoveXClientDataHeader" : true,
  "ScriptletsDebuggingEnabled" : false,
  "HideIpAddress" : false,
  "CustomIpAddress" : "208.54.104.184",
  "TcpKeepAliveTimeoutSeconds" : 0,
  "BrowsingSecurityEnabled" : true,
  "DetectSamsungPayEnabled" : false,
  "IPv6FilteringEnabled" : true,
  "TcpKeepAliveProbes" : false,
  "PortRanges" : [ {
    "firstPort" : 80,
    "lastPort" : 5221
  }, {
    "firstPort" : 5299,
    "lastPort" : 65535
  } ],
  "ClientHelloSplitFragmentSize" : 1,
  "OutboundProxyPermissionsList" : [ {
    "packageNames" : [ "com.github.android" ],
    "processThroughOutboundProxy" : false
  }, {
    "packageNames" : [ "com.instagram.android" ],
    "processThroughOutboundProxy" : false
  }, {
    "packageNames" : [ "com.aiassistant.so" ],
    "processThroughOutboundProxy" : false
  }, {
    "packageNames" : [ "com.snapchat.android" ],
    "processThroughOutboundProxy" : false
  } ],
  "SplitDelayMs" : 50,
  "SelfDestructingThirdPartyCookie" : true,
  "CustomUserAgent" : "",
  "OutboundProxiesList" : [ ],
  "ProxyPort" : 8080,
  "ExcludedIPv4Routes" : "// Reserved subnets\n0.0.0.0/8\n10.0.0.0/8\n100.64.0.0/10\n172.16.0.0/12\n192.0.0.0/24\n192.168.0.0/16\n224.0.0.0/4\n240.0.0.0/4\n255.255.255.255/32\n\n// Multicast range\n224.0.0.0/3\n\n// T-Mobile wi-fi calling (#233)\n208.54.0.0/16\n\n// AT&T wi-fi calling\n129.192.166.0/24\n\n// UK EE wi-fi calling (#582)\n109.249.0.0/16\n\n// Sprint wi-fi calling (#939)\n68.31.26.0/24\n\n// Verizon wi-fi calling (#1321)\n141.207.0.0/16\n\n// Orange PL wi-fi calling (#1796)\n217.116.96.0/20\n\n// Telia wi-fi calling (#4815)\n195.50.247.0/24\n\n// Airtel India wi-fi calling (#4934)\n223.224.123.0/24\n\n// Pl Play Wi-Fi calling (#4975)\n89.108.200.0/24\n\n// MTS wi-fi calling (#4992)\n213.87.142.0/24\n\n// Megafon wi-fi calling (#4992)\n85.26.231.0/24\n31.173.34.0/24\n\n// Beeline wi-fi calling (#4992)\n85.249.19.0/24\n\n// Tele2 wi-fi calling (#4992)\n217.169.82.0/23\n176.59.32.0/16"
}