{
  "SelectedSortedByOnAllDomainsStatisticsScreen" : "MostBlocked",
  "SelectedServer" : {
    "value" : {
      "id" : 3,
      "providerId" : 10001,
      "name" : "AdGuard DNS doh",
      "type" : "doh",
      "upstreams" : [ "https://dns.adguard-dns.com/dns-query" ],
      "parallelResolve" : false
    }
  },
  "DnsDisabledUserRules" : [ ],
  "DisabledAllowListRules" : "",
  "DnsIgnoreUnavailableProxy" : false,
  "DnsAllUserRules" : [ ],
  "FallbackUpstreams" : [ ],
  "WriteHar" : false,
  "Filters" : [ {
    "meta" : {
      "id" : 1,
      "displayOrder" : 1,
      "name" : "AdGuard Russian filter",
      "description" : "Filter that enables ad blocking on websites in Russian language.",
      "version" : "2.0.87.61",
      "group" : "Language",
      "subscriptionUrl" : "https://filters.adtidy.org/android/filters/1_optimized.txt",
      "homepage" : "https://adguard.com/kb/general/ad-filtering/adguard-filters/",
      "tags" : [ {
        "id" : 1,
        "keyword" : "purpose:ads"
      }, {
        "id" : 8,
        "keyword" : "lang:ru"
      }, {
        "id" : 10,
        "keyword" : "recommended"
      } ],
      "lastTimeDownloaded" : 1704569556000,
      "enabled" : true,
      "trusted" : true
    },
    "relativePathToFilteringRules" : "/filters/filter_1.txt"
  }, {
    "meta" : {
      "id" : 2,
      "displayOrder" : 1,
      "name" : "AdGuard Base filter",
      "description" : "EasyList + AdGuard English filter. This filter is necessary for quality ad blocking.",
      "version" : "2.3.16.87",
      "group" : "Ads",
      "subscriptionUrl" : "https://filters.adtidy.org/android/filters/2_optimized.txt",
      "homepage" : "https://adguard.com/kb/general/ad-filtering/adguard-filters/",
      "tags" : [ {
        "id" : 10,
        "keyword" : "recommended"
      }, {
        "id" : 1,
        "keyword" : "purpose:ads"
      } ],
      "lastTimeDownloaded" : 1704594768000,
      "enabled" : true,
      "trusted" : true
    },
    "relativePathToFilteringRules" : "/filters/filter_2.txt"
  }, {
    "meta" : {
      "id" : 3,
      "displayOrder" : 1,
      "name" : "AdGuard Tracking Protection filter",
      "description" : "The most comprehensive list of various online counters and web analytics tools. Use this filter if you do not want your actions on the Internet to be tracked.",
      "version" : "2.0.65.38",
      "group" : "Privacy",
      "subscriptionUrl" : "https://filters.adtidy.org/android/filters/3_optimized.txt",
      "homepage" : "https://adguard.com/kb/general/ad-filtering/adguard-filters/",
      "tags" : [ {
        "id" : 2,
        "keyword" : "purpose:privacy"
      }, {
        "id" : 10,
        "keyword" : "recommended"
      } ],
      "lastTimeDownloaded" : 1704537179000,
      "enabled" : true,
      "trusted" : true
    },
    "relativePathToFilteringRules" : "/filters/filter_3.txt"
  }, {
    "meta" : {
      "id" : 4,
      "displayOrder" : 1,
      "name" : "AdGuard Social Media filter",
      "description" : "Filter for social media widgets such as 'Like' and 'Share' buttons and more.",
      "version" : "2.0.95.70",
      "group" : "Social",
      "subscriptionUrl" : "https://filters.adtidy.org/android/filters/4_optimized.txt",
      "homepage" : "https://adguard.com/kb/general/ad-filtering/adguard-filters/",
      "tags" : [ {
        "id" : 3,
        "keyword" : "purpose:social"
      }, {
        "id" : 10,
        "keyword" : "recommended"
      } ],
      "lastTimeDownloaded" : 1704519176000,
      "enabled" : true,
      "trusted" : true
    },
    "relativePathToFilteringRules" : "/filters/filter_4.txt"
  }, {
    "meta" : {
      "id" : 5,
      "displayOrder" : 4,
      "name" : "AdGuard Experimental filter",
      "description" : "Filter designed to test certain hazardous filtering rules before they are added to the basic filters.",
      "version" : "2.0.1.25",
      "group" : "Other",
      "subscriptionUrl" : "https://filters.adtidy.org/android/filters/5_optimized.txt",
      "homepage" : "https://adguard.com/kb/general/ad-filtering/adguard-filters/",
      "tags" : [ {
        "id" : 45,
        "keyword" : "problematic"
      } ],
      "lastTimeDownloaded" : 1703496723000,
      "enabled" : false,
      "trusted" : true
    },
    "relativePathToFilteringRules" : "/filters/filter_5.txt"
  }, {
    "meta" : {
      "id" : 6,
      "displayOrder" : 1,
      "name" : "AdGuard German filter",
      "description" : "EasyList Germany + AdGuard German filter. Filter list that specifically removes ads on websites in German language.",
      "version" : "2.0.39.84",
      "group" : "Language",
      "subscriptionUrl" : "https://filters.adtidy.org/android/filters/6_optimized.txt",
      "homepage" : "https://adguard.com/kb/general/ad-filtering/adguard-filters/",
      "tags" : [ {
        "id" : 1,
        "keyword" : "purpose:ads"
      }, {
        "id" : 10,
        "keyword" : "recommended"
      }, {
        "id" : 12,
        "keyword" : "lang:de"
      } ],
      "lastTimeDownloaded" : 1704479604000,
      "enabled" : true,
      "trusted" : true
    },
    "relativePathToFilteringRules" : "/filters/filter_6.txt"
  }, {
    "meta" : {
      "id" : 7,
      "displayOrder" : 1,
      "name" : "AdGuard Japanese filter",
      "description" : "Filter that enables ad blocking on websites in Japanese language.",
      "version" : "2.0.47.35",
      "group" : "Language",
      "subscriptionUrl" : "https://filters.adtidy.org/android/filters/7_optimized.txt",
      "homepage" : "https://adguard.com/kb/general/ad-filtering/adguard-filters/",
      "tags" : [ {
        "id" : 1,
        "keyword" : "purpose:ads"
      }, {
        "id" : 10,
        "keyword" : "recommended"
      }, {
        "id" : 14,
        "keyword" : "lang:ja"
      } ],
      "lastTimeDownloaded" : 1704555198000,
      "enabled" : true,
      "trusted" : true
    },
    "relativePathToFilteringRules" : "/filters/filter_7.txt"
  }, {
    "meta" : {
      "id" : 8,
      "displayOrder" : 1,
      "name" : "AdGuard Dutch filter",
      "description" : "EasyList Dutch + AdGuard Dutch filter. Filter list that specifically removes ads on websites in Dutch language.",
      "version" : "2.0.6.29",
      "group" : "Language",
      "subscriptionUrl" : "https://filters.adtidy.org/android/filters/8_optimized.txt",
      "homepage" : "https://adguard.com/kb/general/ad-filtering/adguard-filters/",
      "tags" : [ {
        "id" : 1,
        "keyword" : "purpose:ads"
      }, {
        "id" : 10,
        "keyword" : "recommended"
      }, {
        "id" : 15,
        "keyword" : "lang:nl"
      } ],
      "lastTimeDownloaded" : 1702384334000,
      "enabled" : false,
      "trusted" : true
    },
    "relativePathToFilteringRules" : null
  }, {
    "meta" : {
      "id" : 9,
      "displayOrder" : 1,
      "name" : "AdGuard Spanish/Portuguese filter",
      "description" : "Filter list that specifically removes ads on websites in Spanish, Portuguese, and Brazilian Portuguese languages.",
      "version" : "2.0.22.77",
      "group" : "Language",
      "subscriptionUrl" : "https://filters.adtidy.org/android/filters/9_optimized.txt",
      "homepage" : "https://adguard.com/kb/general/ad-filtering/adguard-filters/",
      "tags" : [ {
        "id" : 1,
        "keyword" : "purpose:ads"
      }, {
        "id" : 10,
        "keyword" : "recommended"
      }, {
        "id" : 17,
        "keyword" : "lang:es"
      }, {
        "id" : 18,
        "keyword" : "lang:pt"
      } ],
      "lastTimeDownloaded" : 1704479615000,
      "enabled" : true,
      "trusted" : true
    },
    "relativePathToFilteringRules" : "/filters/filter_9.txt"
  }, {
    "meta" : {
      "id" : 10,
      "displayOrder" : 1,
      "name" : "Filter unblocking search ads and self-promotion",
      "description" : "Filter that unblocks search ads in Google, DuckDuckGo, Bing, or Yahoo and self-promotion on websites.",
      "version" : "2.0.3.17",
      "group" : "Other",
      "subscriptionUrl" : "https://filters.adtidy.org/android/filters/10_optimized.txt",
      "homepage" : "https://adguard.com/kb/general/ad-filtering/adguard-filters/",
      "tags" : [ ],
      "lastTimeDownloaded" : 1700652620000,
      "enabled" : true,
      "trusted" : true
    },
    "relativePathToFilteringRules" : "/filters/filter_10.txt"
  }, {
    "meta" : {
      "id" : 11,
      "displayOrder" : 2,
      "name" : "AdGuard Mobile Ads filter",
      "description" : "Filter for all known mobile ad networks. Useful for mobile devices.",
      "version" : "2.0.48.3",
      "group" : "Ads",
      "subscriptionUrl" : "https://filters.adtidy.org/android/filters/11_optimized.txt",
      "homepage" : "https://adguard.com/kb/general/ad-filtering/adguard-filters/",
      "tags" : [ {
        "id" : 1,
        "keyword" : "purpose:ads"
      }, {
        "id" : 2,
        "keyword" : "purpose:privacy"
      }, {
        "id" : 10,
        "keyword" : "recommended"
      }, {
        "id" : 19,
        "keyword" : "platform:mobile"
      } ],
      "lastTimeDownloaded" : 1704555094000,
      "enabled" : true,
      "trusted" : true
    },
    "relativePathToFilteringRules" : "/filters/filter_11.txt"
  }, {
    "meta" : {
      "id" : 13,
      "displayOrder" : 1,
      "name" : "AdGuard Turkish filter",
      "description" : "Filter list that specifically removes ads on websites in Turkish language.",
      "version" : "2.0.48.94",
      "group" : "Language",
      "subscriptionUrl" : "https://filters.adtidy.org/android/filters/13_optimized.txt",
      "homepage" : "https://adguard.com/kb/general/ad-filtering/adguard-filters/",
      "tags" : [ {
        "id" : 1,
        "keyword" : "purpose:ads"
      }, {
        "id" : 10,
        "keyword" : "recommended"
      }, {
        "id" : 24,
        "keyword" : "lang:tr"
      } ],
      "lastTimeDownloaded" : 1703147426000,
      "enabled" : false,
      "trusted" : true
    },
    "relativePathToFilteringRules" : null
  }, {
    "meta" : {
      "id" : 14,
      "displayOrder" : 1,
      "name" : "AdGuard Annoyances filter",
      "description" : "Blocks irritating elements on web pages including cookie notices, third-party widgets and in-page pop-ups. Contains the following AdGuard filters: Cookie Notices, Popups, Mobile App Banners, Other Annoyances and Widgets.",
      "version" : "2.1.83.98",
      "group" : "Annoyances",
      "subscriptionUrl" : "https://filters.adtidy.org/android/filters/14_optimized.txt",
      "homepage" : "https://adguard.com/kb/general/ad-filtering/adguard-filters/",
      "tags" : [ {
        "id" : 5,
        "keyword" : "purpose:annoyances"
      } ],
      "lastTimeDownloaded" : 1704583936000,
      "enabled" : true,
      "trusted" : true
    },
    "relativePathToFilteringRules" : "/filters/filter_14.txt"
  }, {
    "meta" : {
      "id" : 15,
      "displayOrder" : 3,
      "name" : "AdGuard DNS filter",
      "description" : "Filter composed of several other filters (AdGuard Base filter, Social Media filter, Tracking Protection filter, Mobile Ads filter, EasyList and EasyPrivacy) and simplified specifically to be better compatible with DNS-level ad blocking.",
      "version" : "2.0.59.97",
      "group" : "Other",
      "subscriptionUrl" : "https://filters.adtidy.org/android/filters/15_optimized.txt",
      "homepage" : "https://adguard.com/kb/general/ad-filtering/adguard-filters/",
      "tags" : [ {
        "id" : 45,
        "keyword" : "problematic"
      }, {
        "id" : 1,
        "keyword" : "purpose:ads"
      }, {
        "id" : 2,
        "keyword" : "purpose:privacy"
      } ],
      "lastTimeDownloaded" : 1704155509000,
      "enabled" : false,
      "trusted" : true
    },
    "relativePathToFilteringRules" : "/filters/filter_15.txt"
  }, {
    "meta" : {
      "id" : 16,
      "displayOrder" : 1,
      "name" : "AdGuard French filter",
      "description" : "Liste FR + AdGuard French filter. Filter list that specifically removes ads on websites in French language.",
      "version" : "2.0.42.56",
      "group" : "Language",
      "subscriptionUrl" : "https://filters.adtidy.org/android/filters/16_optimized.txt",
      "homepage" : "https://adguard.com/kb/general/ad-filtering/adguard-filters/",
      "tags" : [ {
        "id" : 1,
        "keyword" : "purpose:ads"
      }, {
        "id" : 10,
        "keyword" : "recommended"
      }, {
        "id" : 27,
        "keyword" : "lang:fr"
      } ],
      "lastTimeDownloaded" : 1702679445000,
      "enabled" : false,
      "trusted" : true
    },
    "relativePathToFilteringRules" : null
  }, {
    "meta" : {
      "id" : 17,
      "displayOrder" : 1,
      "name" : "AdGuard URL Tracking filter",
      "description" : "Filter that enhances privacy by removing tracking parameters from URLs.",
      "version" : "2.0.7.75",
      "group" : "Privacy",
      "subscriptionUrl" : "https://filters.adtidy.org/android/filters/17_optimized.txt",
      "homepage" : "https://adguard.com/kb/general/ad-filtering/adguard-filters/",
      "tags" : [ {
        "id" : 2,
        "keyword" : "purpose:privacy"
      } ],
      "lastTimeDownloaded" : 1704537124000,
      "enabled" : true,
      "trusted" : true
    },
    "relativePathToFilteringRules" : "/filters/filter_17.txt"
  }, {
    "meta" : {
      "id" : 18,
      "displayOrder" : 2,
      "name" : "AdGuard Cookie Notices filter",
      "description" : "Blocks cookie notices on web pages.",
      "version" : "2.0.30.85",
      "group" : "Annoyances",
      "subscriptionUrl" : "https://filters.adtidy.org/android/filters/18_optimized.txt",
      "homepage" : "https://adguard.com/kb/general/ad-filtering/adguard-filters/",
      "tags" : [ {
        "id" : 5,
        "keyword" : "purpose:annoyances"
      }, {
        "id" : 10,
        "keyword" : "recommended"
      } ],
      "lastTimeDownloaded" : 1704583946000,
      "enabled" : true,
      "trusted" : true
    },
    "relativePathToFilteringRules" : "/filters/filter_18.txt"
  }, {
    "meta" : {
      "id" : 19,
      "displayOrder" : 2,
      "name" : "AdGuard Popups filter",
      "description" : "Blocks all kinds of pop-ups that are not necessary for websites' operation according to our Filter policy.",
      "version" : "2.0.29.57",
      "group" : "Annoyances",
      "subscriptionUrl" : "https://filters.adtidy.org/android/filters/19_optimized.txt",
      "homepage" : "https://adguard.com/kb/general/ad-filtering/adguard-filters/",
      "tags" : [ {
        "id" : 5,
        "keyword" : "purpose:annoyances"
      }, {
        "id" : 10,
        "keyword" : "recommended"
      } ],
      "lastTimeDownloaded" : 1704569545000,
      "enabled" : true,
      "trusted" : true
    },
    "relativePathToFilteringRules" : "/filters/filter_19.txt"
  }, {
    "meta" : {
      "id" : 20,
      "displayOrder" : 2,
      "name" : "AdGuard Mobile App Banners filter",
      "description" : "Blocks irritating banners that promote mobile apps of websites.",
      "version" : "2.0.11.64",
      "group" : "Annoyances",
      "subscriptionUrl" : "https://filters.adtidy.org/android/filters/20_optimized.txt",
      "homepage" : "https://adguard.com/kb/general/ad-filtering/adguard-filters/",
      "tags" : [ {
        "id" : 5,
        "keyword" : "purpose:annoyances"
      }, {
        "id" : 10,
        "keyword" : "recommended"
      } ],
      "lastTimeDownloaded" : 1704483138000,
      "enabled" : true,
      "trusted" : true
    },
    "relativePathToFilteringRules" : "/filters/filter_20.txt"
  }, {
    "meta" : {
      "id" : 21,
      "displayOrder" : 2,
      "name" : "AdGuard Other Annoyances filter",
      "description" : "Blocks irritating elements on web pages that do not fall under the popular categories of annoyances.",
      "version" : "2.0.18.41",
      "group" : "Annoyances",
      "subscriptionUrl" : "https://filters.adtidy.org/android/filters/21_optimized.txt",
      "homepage" : "https://adguard.com/kb/general/ad-filtering/adguard-filters/",
      "tags" : [ {
        "id" : 5,
        "keyword" : "purpose:annoyances"
      }, {
        "id" : 10,
        "keyword" : "recommended"
      } ],
      "lastTimeDownloaded" : 1704573149000,
      "enabled" : true,
      "trusted" : true
    },
    "relativePathToFilteringRules" : "/filters/filter_21.txt"
  }, {
    "meta" : {
      "id" : 22,
      "displayOrder" : 2,
      "name" : "AdGuard Widgets filter",
      "description" : "Blocks annoying third-party widgets: online assistants, live support chats, etc.",
      "version" : "2.0.7.1",
      "group" : "Annoyances",
      "subscriptionUrl" : "https://filters.adtidy.org/android/filters/22_optimized.txt",
      "homepage" : "https://adguard.com/kb/general/ad-filtering/adguard-filters/",
      "tags" : [ {
        "id" : 5,
        "keyword" : "purpose:annoyances"
      }, {
        "id" : 10,
        "keyword" : "recommended"
      } ],
      "lastTimeDownloaded" : 1704468763000,
      "enabled" : true,
      "trusted" : true
    },
    "relativePathToFilteringRules" : "/filters/filter_22.txt"
  }, {
    "meta" : {
      "id" : 23,
      "displayOrder" : 1,
      "name" : "AdGuard Ukrainian filter",
      "description" : "Filter that enables ad blocking on websites in Ukrainian language.",
      "version" : "2.0.3.54",
      "group" : "Language",
      "subscriptionUrl" : "https://filters.adtidy.org/android/filters/23_optimized.txt",
      "homepage" : "https://adguard.com/kb/general/ad-filtering/adguard-filters/",
      "tags" : [ {
        "id" : 1,
        "keyword" : "purpose:ads"
      }, {
        "id" : 68,
        "keyword" : "lang:uk"
      }, {
        "id" : 10,
        "keyword" : "recommended"
      } ],
      "lastTimeDownloaded" : 1702990979000,
      "enabled" : false,
      "trusted" : true
    },
    "relativePathToFilteringRules" : null
  }, {
    "meta" : {
      "id" : 101,
      "displayOrder" : 3,
      "name" : "EasyList",
      "description" : "EasyList is the primary subscription that removes adverts from web pages in English. Already included in AdGuard Base filter.",
      "version" : "2.1.18.72",
      "group" : "Ads",
      "subscriptionUrl" : "https://easylist-downloads.adblockplus.org/easylist.txt",
      "homepage" : "https://easylist.to/",
      "tags" : [ {
        "id" : 1,
        "keyword" : "purpose:ads"
      } ],
      "lastTimeDownloaded" : 1704416494000,
      "enabled" : true,
      "trusted" : true
    },
    "relativePathToFilteringRules" : "/filters/filter_101.txt"
  }, {
    "meta" : {
      "id" : 102,
      "displayOrder" : 2,
      "name" : "ABPindo",
      "description" : "Additional filter list for websites in Indonesian.",
      "version" : "2.0.6.40",
      "group" : "Language",
      "subscriptionUrl" : "https://raw.githubusercontent.com/ABPindo/indonesianadblockrules/master/subscriptions/abpindo.txt",
      "homepage" : "https://github.com/ABPindo/indonesianadblockrules",
      "tags" : [ {
        "id" : 1,
        "keyword" : "purpose:ads"
      }, {
        "id" : 29,
        "keyword" : "lang:id"
      } ],
      "lastTimeDownloaded" : 1702486827000,
      "enabled" : false,
      "trusted" : true
    },
    "relativePathToFilteringRules" : null
  }, {
    "meta" : {
      "id" : 103,
      "displayOrder" : 2,
      "name" : "Bulgarian list",
      "description" : "Additional filter list for websites in Bulgarian.",
      "version" : "2.0.0.36",
      "group" : "Language",
      "subscriptionUrl" : "https://stanev.org/abp/adblock_bg.txt",
      "homepage" : "https://stanev.org/abp/",
      "tags" : [ {
        "id" : 1,
        "keyword" : "purpose:ads"
      }, {
        "id" : 10,
        "keyword" : "recommended"
      }, {
        "id" : 30,
        "keyword" : "lang:bg"
      } ],
      "lastTimeDownloaded" : 1701852357000,
      "enabled" : false,
      "trusted" : true
    },
    "relativePathToFilteringRules" : null
  }, {
    "meta" : {
      "id" : 104,
      "displayOrder" : 2,
      "name" : "EasyList China",
      "description" : "Additional filter list for websites in Chinese. Already included in AdGuard Chinese filter.",
      "version" : "2.1.32.85",
      "group" : "Language",
      "subscriptionUrl" : "https://raw.githubusercontent.com/easylist/easylistchina/master/easylistchina.txt",
      "homepage" : "https://github.com/easylist/easylistchina",
      "tags" : [ {
        "id" : 1,
        "keyword" : "purpose:ads"
      }, {
        "id" : 31,
        "keyword" : "lang:zh"
      } ],
      "lastTimeDownloaded" : 1703149232000,
      "enabled" : false,
      "trusted" : true
    },
    "relativePathToFilteringRules" : null
  }, {
    "meta" : {
      "id" : 105,
      "displayOrder" : 2,
      "name" : "EasyList Czech and Slovak",
      "description" : "Additional filter list for websites in Czech and Slovak.",
      "version" : "2.0.2.61",
      "group" : "Language",
      "subscriptionUrl" : "https://raw.githubusercontent.com/tomasko126/easylistczechandslovak/master/filters.txt",
      "homepage" : "https://github.com/tomasko126/easylistczechandslovak",
      "tags" : [ {
        "id" : 1,
        "keyword" : "purpose:ads"
      }, {
        "id" : 10,
        "keyword" : "recommended"
      }, {
        "id" : 32,
        "keyword" : "lang:cs"
      }, {
        "id" : 33,
        "keyword" : "lang:sk"
      } ],
      "lastTimeDownloaded" : 1700931632000,
      "enabled" : false,
      "trusted" : true
    },
    "relativePathToFilteringRules" : null
  }, {
    "meta" : {
      "id" : 106,
      "displayOrder" : 2,
      "name" : "EasyList Dutch",
      "description" : "Additional filter list for websites in Dutch. Already included in AdGuard Dutch filter.",
      "version" : "2.1.40.84",
      "group" : "Language",
      "subscriptionUrl" : "https://easylist-downloads.adblockplus.org/easylistdutch.txt",
      "homepage" : "https://easylist.to/",
      "tags" : [ {
        "id" : 1,
        "keyword" : "purpose:ads"
      }, {
        "id" : 15,
        "keyword" : "lang:nl"
      } ],
      "lastTimeDownloaded" : 1703149233000,
      "enabled" : false,
      "trusted" : true
    },
    "relativePathToFilteringRules" : null
  }, {
    "meta" : {
      "id" : 107,
      "displayOrder" : 2,
      "name" : "EasyList Germany",
      "description" : "Additional filter list for websites in German. Already included in AdGuard German filter.",
      "version" : "2.0.12.22",
      "group" : "Language",
      "subscriptionUrl" : "https://easylist.to/easylistgermany/easylistgermany.txt",
      "homepage" : "https://easylist.to/",
      "tags" : [ {
        "id" : 1,
        "keyword" : "purpose:ads"
      }, {
        "id" : 12,
        "keyword" : "lang:de"
      } ],
      "lastTimeDownloaded" : 1702918835000,
      "enabled" : false,
      "trusted" : true
    },
    "relativePathToFilteringRules" : null
  }, {
    "meta" : {
      "id" : 108,
      "displayOrder" : 2,
      "name" : "EasyList Hebrew",
      "description" : "Additional filter list for websites in Hebrew.",
      "version" : "2.0.4.51",
      "group" : "Language",
      "subscriptionUrl" : "https://raw.githubusercontent.com/easylist/EasyListHebrew/master/EasyListHebrew.txt",
      "homepage" : "https://github.com/easylist/EasyListHebrew",
      "tags" : [ {
        "id" : 1,
        "keyword" : "purpose:ads"
      }, {
        "id" : 10,
        "keyword" : "recommended"
      }, {
        "id" : 34,
        "keyword" : "lang:he"
      } ],
      "lastTimeDownloaded" : 1702962034000,
      "enabled" : false,
      "trusted" : true
    },
    "relativePathToFilteringRules" : null
  }, {
    "meta" : {
      "id" : 109,
      "displayOrder" : 2,
      "name" : "EasyList Italy",
      "description" : "Additional filter list for websites in Italian.",
      "version" : "2.1.40.86",
      "group" : "Language",
      "subscriptionUrl" : "https://easylist-downloads.adblockplus.org/easylistitaly.txt",
      "homepage" : "https://easylist.to/",
      "tags" : [ {
        "id" : 1,
        "keyword" : "purpose:ads"
      }, {
        "id" : 10,
        "keyword" : "recommended"
      }, {
        "id" : 35,
        "keyword" : "lang:it"
      } ],
      "lastTimeDownloaded" : 1703149236000,
      "enabled" : false,
      "trusted" : true
    },
    "relativePathToFilteringRules" : null
  }, {
    "meta" : {
      "id" : 110,
      "displayOrder" : 2,
      "name" : "EasyList Lithuania",
      "description" : "Additional filter list for websites in Lithuanian.",
      "version" : "2.0.2.75",
      "group" : "Language",
      "subscriptionUrl" : "https://raw.githubusercontent.com/EasyList-Lithuania/easylist_lithuania/master/easylistlithuania.txt",
      "homepage" : "https://github.com/EasyList-Lithuania/easylist_lithuania",
      "tags" : [ {
        "id" : 1,
        "keyword" : "purpose:ads"
      }, {
        "id" : 10,
        "keyword" : "recommended"
      }, {
        "id" : 37,
        "keyword" : "lang:lt"
      } ],
      "lastTimeDownloaded" : 1701925238000,
      "enabled" : false,
      "trusted" : true
    },
    "relativePathToFilteringRules" : null
  }, {
    "meta" : {
      "id" : 111,
      "displayOrder" : 2,
      "name" : "Latvian List",
      "description" : "Additional filter list for websites in Latvian.",
      "version" : "2.0.0.56",
      "group" : "Language",
      "subscriptionUrl" : "https://raw.githubusercontent.com/Latvian-List/adblock-latvian/master/lists/latvian-list.txt",
      "homepage" : "https://github.com/Latvian-List/adblock-latvian",
      "tags" : [ {
        "id" : 1,
        "keyword" : "purpose:ads"
      }, {
        "id" : 10,
        "keyword" : "recommended"
      }, {
        "id" : 36,
        "keyword" : "lang:lv"
      } ],
      "lastTimeDownloaded" : 1676034038000,
      "enabled" : false,
      "trusted" : true
    },
    "relativePathToFilteringRules" : null
  }, {
    "meta" : {
      "id" : 112,
      "displayOrder" : 2,
      "name" : "Liste AR",
      "description" : "Additional filter list for websites in Arabic.",
      "version" : "2.1.40.85",
      "group" : "Language",
      "subscriptionUrl" : "https://easylist-downloads.adblockplus.org/Liste_AR.txt",
      "homepage" : "https://forums.lanik.us/viewforum.php?f=98",
      "tags" : [ {
        "id" : 1,
        "keyword" : "purpose:ads"
      }, {
        "id" : 10,
        "keyword" : "recommended"
      }, {
        "id" : 38,
        "keyword" : "lang:ar"
      } ],
      "lastTimeDownloaded" : 1703149238000,
      "enabled" : false,
      "trusted" : true
    },
    "relativePathToFilteringRules" : null
  }, {
    "meta" : {
      "id" : 113,
      "displayOrder" : 2,
      "name" : "Liste FR",
      "description" : "Additional filter list for websites in French. Already included in AdGuard French filter.",
      "version" : "2.1.40.84",
      "group" : "Language",
      "subscriptionUrl" : "https://easylist-downloads.adblockplus.org/liste_fr.txt",
      "homepage" : "https://forums.lanik.us/viewforum.php?f=91",
      "tags" : [ {
        "id" : 1,
        "keyword" : "purpose:ads"
      }, {
        "id" : 27,
        "keyword" : "lang:fr"
      } ],
      "lastTimeDownloaded" : 1703149241000,
      "enabled" : false,
      "trusted" : true
    },
    "relativePathToFilteringRules" : null
  }, {
    "meta" : {
      "id" : 114,
      "displayOrder" : 2,
      "name" : "ROList",
      "description" : "Additional filter list for websites in Romanian.",
      "version" : "2.0.1.28",
      "group" : "Language",
      "subscriptionUrl" : "https://www.zoso.ro/pages/rolist.txt",
      "homepage" : "https://www.zoso.ro/rolist",
      "tags" : [ {
        "id" : 1,
        "keyword" : "purpose:ads"
      }, {
        "id" : 39,
        "keyword" : "lang:ro"
      } ],
      "lastTimeDownloaded" : 1698210037000,
      "enabled" : false,
      "trusted" : true
    },
    "relativePathToFilteringRules" : null
  }, {
    "meta" : {
      "id" : 118,
      "displayOrder" : 2,
      "name" : "EasyPrivacy",
      "description" : "Privacy protection supplement for EasyList.",
      "version" : "2.1.20.8",
      "group" : "Privacy",
      "subscriptionUrl" : "https://easylist.to/easylist/easyprivacy.txt",
      "homepage" : "https://easylist.to/",
      "tags" : [ {
        "id" : 2,
        "keyword" : "purpose:privacy"
      } ],
      "lastTimeDownloaded" : 1704416512000,
      "enabled" : true,
      "trusted" : true
    },
    "relativePathToFilteringRules" : "/filters/filter_118.txt"
  }, {
    "meta" : {
      "id" : 119,
      "displayOrder" : 2,
      "name" : "Icelandic ABP List",
      "description" : "Additional filter list for websites in Icelandic.",
      "version" : "2.0.0.13",
      "group" : "Language",
      "subscriptionUrl" : "https://adblock.gardar.net/is.abp.txt",
      "homepage" : "https://adblock.gardar.net/",
      "tags" : [ {
        "id" : 1,
        "keyword" : "purpose:ads"
      }, {
        "id" : 42,
        "keyword" : "lang:is"
      } ],
      "lastTimeDownloaded" : 1669050048000,
      "enabled" : false,
      "trusted" : true
    },
    "relativePathToFilteringRules" : null
  }, {
    "meta" : {
      "id" : 120,
      "displayOrder" : 2,
      "name" : "AdBlockID",
      "description" : "Additional filter list for websites in Indonesian.",
      "version" : "2.0.18.20",
      "group" : "Language",
      "subscriptionUrl" : "https://raw.githubusercontent.com/realodix/AdBlockID/main/dist/adblockid.adfl.txt",
      "homepage" : "https://github.com/realodix/AdBlockID",
      "tags" : [ {
        "id" : 1,
        "keyword" : "purpose:ads"
      }, {
        "id" : 10,
        "keyword" : "recommended"
      }, {
        "id" : 29,
        "keyword" : "lang:id"
      } ],
      "lastTimeDownloaded" : 1703019646000,
      "enabled" : false,
      "trusted" : true
    },
    "relativePathToFilteringRules" : null
  }, {
    "meta" : {
      "id" : 121,
      "displayOrder" : 2,
      "name" : "Greek AdBlock Filter",
      "description" : "Additional filter list for websites in Greek.",
      "version" : "2.0.0.89",
      "group" : "Language",
      "subscriptionUrl" : "https://www.void.gr/kargig/void-gr-filters.txt",
      "homepage" : "https://github.com/kargig/greek-adblockplus-filter",
      "tags" : [ {
        "id" : 1,
        "keyword" : "purpose:ads"
      }, {
        "id" : 44,
        "keyword" : "lang:el"
      } ],
      "lastTimeDownloaded" : 1701003642000,
      "enabled" : false,
      "trusted" : true
    },
    "relativePathToFilteringRules" : null
  }, {
    "meta" : {
      "id" : 122,
      "displayOrder" : 100,
      "name" : "Fanboy's Annoyances",
      "description" : "Removes in-page pop-ups and other annoyances. Includes Fanboy's Social Blocking & EasyList Cookie Lists.",
      "version" : "2.1.18.98",
      "group" : "Annoyances",
      "subscriptionUrl" : "https://secure.fanboy.co.nz/fanboy-annoyance_ubo.txt",
      "homepage" : "https://easylist.to/",
      "tags" : [ {
        "id" : 5,
        "keyword" : "purpose:annoyances"
      } ],
      "lastTimeDownloaded" : 1704416525000,
      "enabled" : true,
      "trusted" : true
    },
    "relativePathToFilteringRules" : "/filters/filter_122.txt"
  }, {
    "meta" : {
      "id" : 123,
      "displayOrder" : 2,
      "name" : "Fanboy's Social Blocking List",
      "description" : "Hides and blocks social content, social widgets, social scripts and social icons. Already included in Fanboy's Annoyances list.",
      "version" : "2.1.17.22",
      "group" : "Social",
      "subscriptionUrl" : "https://easylist-downloads.adblockplus.org/fanboy-social.txt",
      "homepage" : "https://easylist.to/",
      "tags" : [ {
        "id" : 3,
        "keyword" : "purpose:social"
      } ],
      "lastTimeDownloaded" : 1704157316000,
      "enabled" : false,
      "trusted" : true
    },
    "relativePathToFilteringRules" : "/filters/filter_123.txt"
  }, {
    "meta" : {
      "id" : 124,
      "displayOrder" : 2,
      "name" : "EasyList Portuguese",
      "description" : "Additional filter list for websites in Spanish and Portuguese.",
      "version" : "2.0.12.59",
      "group" : "Language",
      "subscriptionUrl" : "https://easylist-downloads.adblockplus.org/easylistportuguese.txt",
      "homepage" : "https://github.com/easylist/easylistportuguese",
      "tags" : [ {
        "id" : 1,
        "keyword" : "purpose:ads"
      }, {
        "id" : 17,
        "keyword" : "lang:es"
      }, {
        "id" : 18,
        "keyword" : "lang:pt"
      } ],
      "lastTimeDownloaded" : 1703149261000,
      "enabled" : false,
      "trusted" : true
    },
    "relativePathToFilteringRules" : null
  }, {
    "meta" : {
      "id" : 202,
      "displayOrder" : 2,
      "name" : "EasyList Thailand",
      "description" : "Filter that blocks ads on Thai sites.",
      "version" : "2.0.0.11",
      "group" : "Language",
      "subscriptionUrl" : "https://raw.githubusercontent.com/easylist-thailand/easylist-thailand/master/subscription/easylist-thailand.txt",
      "homepage" : "https://github.com/easylist-thailand/",
      "tags" : [ {
        "id" : 1,
        "keyword" : "purpose:ads"
      }, {
        "id" : 10,
        "keyword" : "recommended"
      }, {
        "id" : 64,
        "keyword" : "lang:th"
      } ],
      "lastTimeDownloaded" : 1695315663000,
      "enabled" : false,
      "trusted" : true
    },
    "relativePathToFilteringRules" : null
  }, {
    "meta" : {
      "id" : 203,
      "displayOrder" : 2,
      "name" : "Hungarian filter",
      "description" : "Hufilter. Filter list that specifically removes ads on websites in the Hungarian language.",
      "version" : "2.0.2.70",
      "group" : "Language",
      "subscriptionUrl" : "https://raw.githubusercontent.com/hufilter/hufilter/master/hufilter-adguard.txt",
      "homepage" : "https://github.com/hufilter/hufilter/wiki",
      "tags" : [ {
        "id" : 1,
        "keyword" : "purpose:ads"
      }, {
        "id" : 2,
        "keyword" : "purpose:privacy"
      }, {
        "id" : 48,
        "keyword" : "lang:hu"
      }, {
        "id" : 10,
        "keyword" : "recommended"
      } ],
      "lastTimeDownloaded" : 1702990860000,
      "enabled" : false,
      "trusted" : true
    },
    "relativePathToFilteringRules" : null
  }, {
    "meta" : {
      "id" : 204,
      "displayOrder" : 4,
      "name" : "Peter Lowe's Blocklist",
      "description" : "Filter that blocks ads, trackers, and other nasty things.",
      "version" : "2.0.13.41",
      "group" : "Privacy",
      "subscriptionUrl" : "https://pgl.yoyo.org/adservers/serverlist.php?hostformat=adblockplus&mimetype=plaintext",
      "homepage" : "https://pgl.yoyo.org/adservers/",
      "tags" : [ {
        "id" : 2,
        "keyword" : "purpose:privacy"
      } ],
      "lastTimeDownloaded" : 1704387734000,
      "enabled" : true,
      "trusted" : true
    },
    "relativePathToFilteringRules" : "/filters/filter_204.txt"
  }, {
    "meta" : {
      "id" : 206,
      "displayOrder" : 2,
      "name" : "Xfiles",
      "description" : "Italian adblock filter list.",
      "version" : "2.0.1.79",
      "group" : "Language",
      "subscriptionUrl" : "https://raw.githubusercontent.com/gioxx/xfiles/master/filtri.txt",
      "homepage" : "https://xfiles.noads.it/",
      "tags" : [ {
        "id" : 1,
        "keyword" : "purpose:ads"
      }, {
        "id" : 35,
        "keyword" : "lang:it"
      } ],
      "lastTimeDownloaded" : 1702962063000,
      "enabled" : false,
      "trusted" : true
    },
    "relativePathToFilteringRules" : null
  }, {
    "meta" : {
      "id" : 207,
      "displayOrder" : 3,
      "name" : "Adblock Warning Removal List",
      "description" : "Removes anti-adblock warnings and other obtrusive messages.",
      "version" : "2.1.41.70",
      "group" : "Annoyances",
      "subscriptionUrl" : "https://easylist-downloads.adblockplus.org/antiadblockfilters.txt",
      "homepage" : "https://easylist.to/",
      "tags" : [ {
        "id" : 50,
        "keyword" : "purpose:antiadblock"
      } ],
      "lastTimeDownloaded" : 1704416532000,
      "enabled" : true,
      "trusted" : true
    },
    "relativePathToFilteringRules" : "/filters/filter_207.txt"
  }, {
    "meta" : {
      "id" : 208,
      "displayOrder" : 1,
      "name" : "Online Malicious URL Blocklist",
      "description" : "Blocks domains that are known to be used to propagate malware and spyware.",
      "version" : "2.0.93.96",
      "group" : "Security",
      "subscriptionUrl" : "https://urlhaus-filter.pages.dev/urlhaus-filter-ag-online.txt",
      "homepage" : "https://gitlab.com/malware-filter/urlhaus-filter#malicious-url-blocklist",
      "tags" : [ {
        "id" : 4,
        "keyword" : "purpose:security"
      } ],
      "lastTimeDownloaded" : 1704416533000,
      "enabled" : true,
      "trusted" : true
    },
    "relativePathToFilteringRules" : "/filters/filter_208.txt"
  }, {
    "meta" : {
      "id" : 212,
      "displayOrder" : 2,
      "name" : "RU AdList: Counters",
      "description" : "RU AdList supplement for trackers blocking.",
      "version" : "2.1.40.10",
      "group" : "Language",
      "subscriptionUrl" : "https://easylist-downloads.adblockplus.org/cntblock.txt",
      "homepage" : "https://forums.lanik.us/viewforum.php?f=102",
      "tags" : [ {
        "id" : 2,
        "keyword" : "purpose:privacy"
      }, {
        "id" : 8,
        "keyword" : "lang:ru"
      } ],
      "lastTimeDownloaded" : 1703149265000,
      "enabled" : false,
      "trusted" : true
    },
    "relativePathToFilteringRules" : null
  }, {
    "meta" : {
      "id" : 214,
      "displayOrder" : 2,
      "name" : "ABPVN List",
      "description" : "Vietnamese adblock filter list.",
      "version" : "2.0.25.61",
      "group" : "Language",
      "subscriptionUrl" : "https://raw.githubusercontent.com/abpvn/abpvn/master/filter/abpvn_adguard.txt",
      "homepage" : "https://abpvn.com/",
      "tags" : [ {
        "id" : 1,
        "keyword" : "purpose:ads"
      }, {
        "id" : 52,
        "keyword" : "lang:vi"
      }, {
        "id" : 10,
        "keyword" : "recommended"
      } ],
      "lastTimeDownloaded" : 1703149266000,
      "enabled" : false,
      "trusted" : true
    },
    "relativePathToFilteringRules" : null
  }, {
    "meta" : {
      "id" : 215,
      "displayOrder" : 3,
      "name" : "Fanboy's Enhanced Tracking List",
      "description" : "Blocks common tracking scripts such as Omniture, Webtrends, Foresee, Coremetrics, Google Analytics, Touch Clarity and Channel Intelligence.",
      "version" : "2.0.4.70",
      "group" : "Privacy",
      "subscriptionUrl" : "https://secure.fanboy.co.nz/enhancedstats.txt",
      "homepage" : "https://secure.fanboy.co.nz/",
      "tags" : [ {
        "id" : 2,
        "keyword" : "purpose:privacy"
      } ],
      "lastTimeDownloaded" : 1699275669000,
      "enabled" : true,
      "trusted" : true
    },
    "relativePathToFilteringRules" : "/filters/filter_215.txt"
  }, {
    "meta" : {
      "id" : 216,
      "displayOrder" : 2,
      "name" : "Official Polish filters for AdBlock, uBlock Origin & AdGuard",
      "description" : "Additional filter list for websites in Polish.",
      "version" : "2.0.15.12",
      "group" : "Language",
      "subscriptionUrl" : "https://raw.githubusercontent.com/MajkiIT/polish-ads-filter/master/polish-adblock-filters/adblock.txt",
      "homepage" : "https://github.com/MajkiIT/polish-ads-filter#polish-filters-for-adblock-ublock-origin--adguard",
      "tags" : [ {
        "id" : 1,
        "keyword" : "purpose:ads"
      }, {
        "id" : 10,
        "keyword" : "recommended"
      }, {
        "id" : 41,
        "keyword" : "lang:pl"
      } ],
      "lastTimeDownloaded" : 1702990867000,
      "enabled" : false,
      "trusted" : true
    },
    "relativePathToFilteringRules" : null
  }, {
    "meta" : {
      "id" : 217,
      "displayOrder" : 2,
      "name" : "Polish GDPR-Cookies Filters",
      "description" : "Polish filter list for cookies blocking.",
      "version" : "2.0.5.4",
      "group" : "Language",
      "subscriptionUrl" : "https://raw.githubusercontent.com/MajkiIT/polish-ads-filter/master/cookies_filters/adblock_cookies.txt",
      "homepage" : "https://github.com/MajkiIT/polish-ads-filter#polish-filters-for-adblock-ublock-origin--adguard",
      "tags" : [ {
        "id" : 6,
        "keyword" : "purpose:cookies"
      }, {
        "id" : 41,
        "keyword" : "lang:pl"
      } ],
      "lastTimeDownloaded" : 1702861270000,
      "enabled" : false,
      "trusted" : true
    },
    "relativePathToFilteringRules" : null
  }, {
    "meta" : {
      "id" : 218,
      "displayOrder" : 2,
      "name" : "Estonian List",
      "description" : "Filter for ad blocking on Estonian sites.",
      "version" : "2.0.3.58",
      "group" : "Language",
      "subscriptionUrl" : "https://adblock.ee/list.php",
      "homepage" : "https://adblock.ee/",
      "tags" : [ {
        "id" : 10,
        "keyword" : "recommended"
      }, {
        "id" : 1,
        "keyword" : "purpose:ads"
      }, {
        "id" : 53,
        "keyword" : "lang:et"
      } ],
      "lastTimeDownloaded" : 1701522074000,
      "enabled" : false,
      "trusted" : true
    },
    "relativePathToFilteringRules" : null
  }, {
    "meta" : {
      "id" : 220,
      "displayOrder" : 2,
      "name" : "CJX's Annoyances List",
      "description" : "Supplement for EasyList China+EasyList and EasyPrivacy.",
      "version" : "2.0.5.41",
      "group" : "Language",
      "subscriptionUrl" : "https://raw.githubusercontent.com/cjx82630/cjxlist/master/cjx-annoyance.txt",
      "homepage" : "http://abpchina.org/forum/forum.php?mod=viewthread&tid=29667",
      "tags" : [ {
        "id" : 5,
        "keyword" : "purpose:annoyances"
      }, {
        "id" : 31,
        "keyword" : "lang:zh"
      } ],
      "lastTimeDownloaded" : 1702890072000,
      "enabled" : false,
      "trusted" : true
    },
    "relativePathToFilteringRules" : null
  }, {
    "meta" : {
      "id" : 221,
      "displayOrder" : 2,
      "name" : "Polish Social Filters",
      "description" : "Polish filter list for social widgets, popups, etc.",
      "version" : "2.0.4.73",
      "group" : "Language",
      "subscriptionUrl" : "https://raw.githubusercontent.com/MajkiIT/polish-ads-filter/master/adblock_social_filters/adblock_social_list.txt",
      "homepage" : "https://github.com/MajkiIT/polish-ads-filter#polish-filters-for-adblock-ublock-origin--adguard",
      "tags" : [ {
        "id" : 3,
        "keyword" : "purpose:social"
      }, {
        "id" : 41,
        "keyword" : "lang:pl"
      } ],
      "lastTimeDownloaded" : 1702861275000,
      "enabled" : false,
      "trusted" : true
    },
    "relativePathToFilteringRules" : null
  }, {
    "meta" : {
      "id" : 224,
      "displayOrder" : 1,
      "name" : "AdGuard Chinese filter",
      "description" : "EasyList China + AdGuard Chinese filter. Filter list that specifically removes ads on websites in Chinese language.",
      "version" : "2.1.6.23",
      "group" : "Language",
      "subscriptionUrl" : "https://filters.adtidy.org/android/filters/224_optimized.txt",
      "homepage" : "https://adguard.com/kb/general/ad-filtering/adguard-filters/",
      "tags" : [ {
        "id" : 1,
        "keyword" : "purpose:ads"
      }, {
        "id" : 10,
        "keyword" : "recommended"
      }, {
        "id" : 31,
        "keyword" : "lang:zh"
      } ],
      "lastTimeDownloaded" : 1703154676000,
      "enabled" : false,
      "trusted" : true
    },
    "relativePathToFilteringRules" : null
  }, {
    "meta" : {
      "id" : 225,
      "displayOrder" : 4,
      "name" : "Fanboy's Anti-Facebook List",
      "description" : "Warning, it will break Facebook-based comments on some websites and may also break some Facebook apps or games.",
      "version" : "2.0.5.46",
      "group" : "Privacy",
      "subscriptionUrl" : "https://www.fanboy.co.nz/fanboy-antifacebook.txt",
      "homepage" : "https://www.fanboy.co.nz",
      "tags" : [ {
        "id" : 2,
        "keyword" : "purpose:privacy"
      }, {
        "id" : 45,
        "keyword" : "problematic"
      } ],
      "lastTimeDownloaded" : 1704013331000,
      "enabled" : true,
      "trusted" : true
    },
    "relativePathToFilteringRules" : "/filters/filter_225.txt"
  }, {
    "meta" : {
      "id" : 227,
      "displayOrder" : 2,
      "name" : "List-KR",
      "description" : "Filter that removes ads and various scripts from websites with Korean content. Combined and augmented with AdGuard-specific rules for enhanced filtering. This filter is expected to be used alongside with AdGuard Base filter.",
      "version" : "2.0.17.9",
      "group" : "Language",
      "subscriptionUrl" : "https://raw.githubusercontent.com/List-KR/List-KR/master/filter-AdGuard.txt",
      "homepage" : "https://list-kr.github.io/",
      "tags" : [ {
        "id" : 1,
        "keyword" : "purpose:ads"
      }, {
        "id" : 56,
        "keyword" : "lang:ko"
      }, {
        "id" : 10,
        "keyword" : "recommended"
      } ],
      "lastTimeDownloaded" : 1703120479000,
      "enabled" : false,
      "trusted" : true
    },
    "relativePathToFilteringRules" : null
  }, {
    "meta" : {
      "id" : 228,
      "displayOrder" : 2,
      "name" : "xinggsf",
      "description" : "Blocks ads on the Chinese video platforms (MangoTV, DouYu and others).",
      "version" : "2.0.2.52",
      "group" : "Language",
      "subscriptionUrl" : "https://raw.githubusercontent.com/xinggsf/Adblock-Plus-Rule/master/rule.txt",
      "homepage" : "https://github.com/xinggsf/Adblock-Plus-Rule/",
      "tags" : [ {
        "id" : 1,
        "keyword" : "purpose:ads"
      }, {
        "id" : 31,
        "keyword" : "lang:zh"
      } ],
      "lastTimeDownloaded" : 1702789280000,
      "enabled" : false,
      "trusted" : true
    },
    "relativePathToFilteringRules" : null
  }, {
    "meta" : {
      "id" : 229,
      "displayOrder" : 100,
      "name" : "I don't care about cookies",
      "description" : "Hides annoying cookie warnings from almost all websites and saves you from unnecessary clicks.",
      "version" : "2.0.4.88",
      "group" : "Annoyances",
      "subscriptionUrl" : "https://www.i-dont-care-about-cookies.eu/abp/",
      "homepage" : "https://www.i-dont-care-about-cookies.eu/",
      "tags" : [ {
        "id" : 6,
        "keyword" : "purpose:cookies"
      } ],
      "lastTimeDownloaded" : 1702544496000,
      "enabled" : true,
      "trusted" : true
    },
    "relativePathToFilteringRules" : "/filters/filter_229.txt"
  }, {
    "meta" : {
      "id" : 231,
      "displayOrder" : 2,
      "name" : "EasyList Spanish",
      "description" : "Additional filter list for websites in Spanish.",
      "version" : "2.1.40.86",
      "group" : "Language",
      "subscriptionUrl" : "https://easylist-downloads.adblockplus.org/easylistspanish.txt",
      "homepage" : "https://hg.adblockplus.org/easylistspanish",
      "tags" : [ {
        "id" : 1,
        "keyword" : "purpose:ads"
      }, {
        "id" : 17,
        "keyword" : "lang:es"
      } ],
      "lastTimeDownloaded" : 1703149286000,
      "enabled" : false,
      "trusted" : true
    },
    "relativePathToFilteringRules" : null
  }, {
    "meta" : {
      "id" : 232,
      "displayOrder" : 2,
      "name" : "KAD - Anti-Scam",
      "description" : "Filter that protects against various types of scams in the Polish network, such as mass text messaging, fake online stores, etc.",
      "version" : "2.0.50.77",
      "group" : "Language",
      "subscriptionUrl" : "https://raw.githubusercontent.com/FiltersHeroes/KAD/master/KAD.txt",
      "homepage" : "https://github.com/FiltersHeroes/KAD",
      "tags" : [ {
        "id" : 4,
        "keyword" : "purpose:security"
      }, {
        "id" : 41,
        "keyword" : "lang:pl"
      } ],
      "lastTimeDownloaded" : 1703149291000,
      "enabled" : false,
      "trusted" : true
    },
    "relativePathToFilteringRules" : null
  }, {
    "meta" : {
      "id" : 233,
      "displayOrder" : 2,
      "name" : "Adblock List for Finland",
      "description" : "Finnish ad blocking filter list.",
      "version" : "2.0.10.73",
      "group" : "Language",
      "subscriptionUrl" : "https://raw.githubusercontent.com/finnish-easylist-addition/finnish-easylist-addition/gh-pages/Finland_adb.txt",
      "homepage" : "https://github.com/finnish-easylist-addition/finnish-easylist-addition",
      "tags" : [ {
        "id" : 1,
        "keyword" : "purpose:ads"
      }, {
        "id" : 10,
        "keyword" : "recommended"
      }, {
        "id" : 40,
        "keyword" : "lang:fi"
      } ],
      "lastTimeDownloaded" : 1702962091000,
      "enabled" : false,
      "trusted" : true
    },
    "relativePathToFilteringRules" : null
  }, {
    "meta" : {
      "id" : 234,
      "displayOrder" : 2,
      "name" : "ROLIST2",
      "description" : "This is a complementary list for ROList with annoyances that are not necessarily banners. It is a very aggressive list and not recommended for beginners.",
      "version" : "2.0.0.71",
      "group" : "Language",
      "subscriptionUrl" : "https://www.zoso.ro/pages/rolist2.txt",
      "homepage" : "https://zoso.ro/rolist/",
      "tags" : [ {
        "id" : 45,
        "keyword" : "problematic"
      }, {
        "id" : 5,
        "keyword" : "purpose:annoyances"
      }, {
        "id" : 39,
        "keyword" : "lang:ro"
      } ],
      "lastTimeDownloaded" : 1695891692000,
      "enabled" : false,
      "trusted" : true
    },
    "relativePathToFilteringRules" : null
  }, {
    "meta" : {
      "id" : 235,
      "displayOrder" : 2,
      "name" : "Persian Blocker",
      "description" : "Filter list for blocking ads and trackers on websites in Persian.",
      "version" : "2.0.3.92",
      "group" : "Language",
      "subscriptionUrl" : "https://raw.githubusercontent.com/MasterKia/PersianBlocker/main/PersianBlocker.txt",
      "homepage" : "https://github.com/MasterKia/PersianBlocker/",
      "tags" : [ {
        "id" : 10,
        "keyword" : "recommended"
      }, {
        "id" : 1,
        "keyword" : "purpose:ads"
      }, {
        "id" : 54,
        "keyword" : "lang:fa"
      }, {
        "id" : 69,
        "keyword" : "lang:tg"
      }, {
        "id" : 70,
        "keyword" : "lang:ps"
      } ],
      "lastTimeDownloaded" : 1703019693000,
      "enabled" : false,
      "trusted" : true
    },
    "relativePathToFilteringRules" : null
  }, {
    "meta" : {
      "id" : 236,
      "displayOrder" : 2,
      "name" : "road-block light",
      "description" : "Romanian ad blocking filter subscription.",
      "version" : "2.0.2.41",
      "group" : "Language",
      "subscriptionUrl" : "https://raw.githubusercontent.com/tcptomato/ROad-Block/master/road-block-filters-light.txt",
      "homepage" : "https://github.com/tcptomato/ROad-Block",
      "tags" : [ {
        "id" : 1,
        "keyword" : "purpose:ads"
      }, {
        "id" : 39,
        "keyword" : "lang:ro"
      } ],
      "lastTimeDownloaded" : 1702933301000,
      "enabled" : false,
      "trusted" : true
    },
    "relativePathToFilteringRules" : null
  }, {
    "meta" : {
      "id" : 237,
      "displayOrder" : 2,
      "name" : "Polish Annoyances Filters",
      "description" : "Filter list that hides and blocks pop-ups, widgets, newsletters, push notifications, arrows, tagged internal links that are off-topic, and other irritating elements. Polish GDPR-Cookies Filters is already in it.",
      "version" : "1.0.30.38",
      "group" : "Language",
      "subscriptionUrl" : "https://raw.githubusercontent.com/PolishFiltersTeam/PolishAnnoyanceFilters/master/PPB.txt",
      "homepage" : "https://polishannoyancefilters.netlify.app",
      "tags" : [ {
        "id" : 41,
        "keyword" : "lang:pl"
      }, {
        "id" : 5,
        "keyword" : "purpose:annoyances"
      } ],
      "lastTimeDownloaded" : 1703077358000,
      "enabled" : false,
      "trusted" : true
    },
    "relativePathToFilteringRules" : null
  }, {
    "meta" : {
      "id" : 238,
      "displayOrder" : 2,
      "name" : "Polish Anti Adblock Filters",
      "description" : "Official Polish filters against Adblock alerts.",
      "version" : "2.0.3.54",
      "group" : "Language",
      "subscriptionUrl" : "https://raw.githubusercontent.com/olegwukr/polish-privacy-filters/master/anti-adblock.txt",
      "homepage" : "https://github.com/olegwukr/polish-privacy-filters",
      "tags" : [ {
        "id" : 10,
        "keyword" : "recommended"
      }, {
        "id" : 50,
        "keyword" : "purpose:antiadblock"
      }, {
        "id" : 41,
        "keyword" : "lang:pl"
      } ],
      "lastTimeDownloaded" : 1701882152000,
      "enabled" : false,
      "trusted" : true
    },
    "relativePathToFilteringRules" : null
  }, {
    "meta" : {
      "id" : 239,
      "displayOrder" : 5,
      "name" : "Fanboy's Anti-thirdparty Fonts",
      "description" : "A filter that blocks third-party fonts. It may break the look and design of some websites.",
      "version" : "2.0.4.60",
      "group" : "Privacy",
      "subscriptionUrl" : "https://fanboy.co.nz/fanboy-antifonts.txt",
      "homepage" : "https://www.fanboy.co.nz/",
      "tags" : [ {
        "id" : 2,
        "keyword" : "purpose:privacy"
      }, {
        "id" : 45,
        "keyword" : "problematic"
      } ],
      "lastTimeDownloaded" : 1702890100000,
      "enabled" : false,
      "trusted" : true
    },
    "relativePathToFilteringRules" : "/filters/filter_239.txt"
  }, {
    "meta" : {
      "id" : 241,
      "displayOrder" : 100,
      "name" : "EasyList Cookie List",
      "description" : "Removes cookie and privacy warnings. Already included in Fanboy's Annoyances list.",
      "version" : "2.1.27.1",
      "group" : "Annoyances",
      "subscriptionUrl" : "https://www.fanboy.co.nz/fanboy-cookiemonster.txt",
      "homepage" : "https://easylist.to/",
      "tags" : [ {
        "id" : 6,
        "keyword" : "purpose:cookies"
      } ],
      "lastTimeDownloaded" : 1704416571000,
      "enabled" : true,
      "trusted" : true
    },
    "relativePathToFilteringRules" : "/filters/filter_241.txt"
  }, {
    "meta" : {
      "id" : 242,
      "displayOrder" : 3,
      "name" : "NoCoin Filter List",
      "description" : "This filter disables browser-based miners such as coin-hive.",
      "version" : "1.0.2.44",
      "group" : "Security",
      "subscriptionUrl" : "https://raw.githubusercontent.com/hoshsadiq/adblock-nocoin-list/master/nocoin.txt",
      "homepage" : "https://github.com/hoshsadiq/adblock-nocoin-list/",
      "tags" : [ {
        "id" : 4,
        "keyword" : "purpose:security"
      } ],
      "lastTimeDownloaded" : 1694638914000,
      "enabled" : true,
      "trusted" : true
    },
    "relativePathToFilteringRules" : "/filters/filter_242.txt"
  }, {
    "meta" : {
      "id" : 243,
      "displayOrder" : 2,
      "name" : "Frellwit's Swedish Filter",
      "description" : "Filter that aims to remove regional Swedish ads, tracking, social media, annoyances, sponsored articles etc.",
      "version" : "2.0.17.23",
      "group" : "Language",
      "subscriptionUrl" : "https://raw.githubusercontent.com/lassekongo83/Frellwits-filter-lists/master/Frellwits-Swedish-Filter.txt",
      "homepage" : "https://github.com/lassekongo83/Frellwit-s-filter-lists",
      "tags" : [ {
        "id" : 10,
        "keyword" : "recommended"
      }, {
        "id" : 1,
        "keyword" : "purpose:ads"
      }, {
        "id" : 5,
        "keyword" : "purpose:annoyances"
      }, {
        "id" : 2,
        "keyword" : "purpose:privacy"
      }, {
        "id" : 3,
        "keyword" : "purpose:social"
      }, {
        "id" : 55,
        "keyword" : "lang:sv"
      } ],
      "lastTimeDownloaded" : 1703077365000,
      "enabled" : false,
      "trusted" : true
    },
    "relativePathToFilteringRules" : null
  }, {
    "meta" : {
      "id" : 244,
      "displayOrder" : 2,
      "name" : "YousList",
      "description" : "Filter that blocks ads on Korean sites.",
      "version" : "2.0.10.19",
      "group" : "Language",
      "subscriptionUrl" : "https://raw.githubusercontent.com/yous/YousList/master/youslist.txt",
      "homepage" : "https://github.com/yous/YousList/",
      "tags" : [ {
        "id" : 1,
        "keyword" : "purpose:ads"
      }, {
        "id" : 56,
        "keyword" : "lang:ko"
      } ],
      "lastTimeDownloaded" : 1702976506000,
      "enabled" : false,
      "trusted" : true
    },
    "relativePathToFilteringRules" : null
  }, {
    "meta" : {
      "id" : 246,
      "displayOrder" : 2,
      "name" : "EasyList Polish",
      "description" : "Additional filter list for websites in Polish.",
      "version" : "2.1.36.92",
      "group" : "Language",
      "subscriptionUrl" : "https://easylist-downloads.adblockplus.org/easylistpolish.txt",
      "homepage" : "https://easylist.to/",
      "tags" : [ {
        "id" : 1,
        "keyword" : "purpose:ads"
      }, {
        "id" : 41,
        "keyword" : "lang:pl"
      } ],
      "lastTimeDownloaded" : 1703149308000,
      "enabled" : false,
      "trusted" : true
    },
    "relativePathToFilteringRules" : null
  }, {
    "meta" : {
      "id" : 247,
      "displayOrder" : 2,
      "name" : "Polish Anti-Annoying Special Supplement",
      "description" : "Filters that block and hide RSS elements and remnants of hidden newsletters combined with social elements on Polish websites.",
      "version" : "2.0.3.61",
      "group" : "Language",
      "subscriptionUrl" : "https://raw.githubusercontent.com/PolishFiltersTeam/PolishAntiAnnoyingSpecialSupplement/master/polish_rss_filters.txt",
      "homepage" : "https://github.com/PolishFiltersTeam/PolishAntiAnnoyingSpecialSupplement",
      "tags" : [ {
        "id" : 41,
        "keyword" : "lang:pl"
      }, {
        "id" : 5,
        "keyword" : "purpose:annoyances"
      } ],
      "lastTimeDownloaded" : 1703034106000,
      "enabled" : false,
      "trusted" : true
    },
    "relativePathToFilteringRules" : null
  }, {
    "meta" : {
      "id" : 249,
      "displayOrder" : 249,
      "name" : "Dandelion Sprout's Nordic Filters",
      "description" : "This list covers websites for Norway, Denmark, Iceland, Danish territories, and the Sami indigenous population.",
      "version" : "2.0.7.13",
      "group" : "Language",
      "subscriptionUrl" : "https://raw.githubusercontent.com/DandelionSprout/adfilt/master/NorwegianExperimentalList%20alternate%20versions/NordicFiltersAdGuard.txt",
      "homepage" : "https://github.com/DandelionSprout/adfilt",
      "tags" : [ {
        "id" : 10,
        "keyword" : "recommended"
      }, {
        "id" : 1,
        "keyword" : "purpose:ads"
      }, {
        "id" : 4,
        "keyword" : "purpose:security"
      }, {
        "id" : 43,
        "keyword" : "lang:no"
      }, {
        "id" : 49,
        "keyword" : "lang:da"
      }, {
        "id" : 42,
        "keyword" : "lang:is"
      }, {
        "id" : 63,
        "keyword" : "lang:fo"
      } ],
      "lastTimeDownloaded" : 1703120510000,
      "enabled" : false,
      "trusted" : true
    },
    "relativePathToFilteringRules" : null
  }, {
    "meta" : {
      "id" : 250,
      "displayOrder" : 100,
      "name" : "Dandelion Sprout's Annoyances List",
      "description" : "This list is made in the style of AdGuard's and Fanboy's annoyances lists. It combines many of Dandelion Sprout's proudest and most frequently maintained international lists, as a curated compilation for simplicity's sake.",
      "version" : "2.0.12.86",
      "group" : "Annoyances",
      "subscriptionUrl" : "https://raw.githubusercontent.com/DandelionSprout/adfilt/master/AnnoyancesList",
      "homepage" : "https://github.com/DandelionSprout/adfilt",
      "tags" : [ {
        "id" : 5,
        "keyword" : "purpose:annoyances"
      } ],
      "lastTimeDownloaded" : 1703912568000,
      "enabled" : false,
      "trusted" : true
    },
    "relativePathToFilteringRules" : "/filters/filter_250.txt"
  }, {
    "meta" : {
      "id" : 251,
      "displayOrder" : 2,
      "name" : "Legitimate URL Shortener",
      "description" : "Automatically removes unnecessary '$' and '&' values from URLs, making them easier to copy from the URL bar and pasting elsewhere as links.",
      "version" : "2.0.7.21",
      "group" : "Privacy",
      "subscriptionUrl" : "https://raw.githubusercontent.com/DandelionSprout/adfilt/master/LegitimateURLShortener.txt",
      "homepage" : "https://github.com/DandelionSprout/adfilt",
      "tags" : [ {
        "id" : 2,
        "keyword" : "purpose:privacy"
      } ],
      "lastTimeDownloaded" : 1704373385000,
      "enabled" : true,
      "trusted" : true
    },
    "relativePathToFilteringRules" : "/filters/filter_251.txt"
  }, {
    "meta" : {
      "id" : 252,
      "displayOrder" : 2,
      "name" : "Dandelion Sprout's Serbo-Croatian List",
      "description" : "A filter list for websites in Serbian, Montenegrin, Croatian, and Bosnian.",
      "version" : "2.0.0.43",
      "group" : "Language",
      "subscriptionUrl" : "https://raw.githubusercontent.com/DandelionSprout/adfilt/master/SerboCroatianList.txt",
      "homepage" : "https://github.com/DandelionSprout/adfilt",
      "tags" : [ {
        "id" : 1,
        "keyword" : "purpose:ads"
      }, {
        "id" : 65,
        "keyword" : "lang:sr"
      }, {
        "id" : 66,
        "keyword" : "lang:hr"
      } ],
      "lastTimeDownloaded" : 1702357318000,
      "enabled" : false,
      "trusted" : true
    },
    "relativePathToFilteringRules" : null
  }, {
    "meta" : {
      "id" : 253,
      "displayOrder" : 2,
      "name" : "IndianList",
      "description" : "Additional filter list for websites in Hindi, Tamil and other Dravidian and Indic languages.",
      "version" : "2.0.34.17",
      "group" : "Language",
      "subscriptionUrl" : "https://easylist-downloads.adblockplus.org/indianlist.txt",
      "homepage" : "https://github.com/mediumkreation/IndianList",
      "tags" : [ {
        "id" : 1,
        "keyword" : "purpose:ads"
      }, {
        "id" : 67,
        "keyword" : "lang:hi"
      }, {
        "id" : 10,
        "keyword" : "recommended"
      } ],
      "lastTimeDownloaded" : 1703149324000,
      "enabled" : false,
      "trusted" : true
    },
    "relativePathToFilteringRules" : null
  }, {
    "meta" : {
      "id" : 254,
      "displayOrder" : 2,
      "name" : "Macedonian adBlock Filters",
      "description" : "Blocks ads and trackers on various Macedonian websites.",
      "version" : "2.0.0.6",
      "group" : "Language",
      "subscriptionUrl" : "https://raw.githubusercontent.com/RandomAdversary/Macedonian-adBlock-Filters/master/Filters",
      "homepage" : "https://github.com/DeepSpaceHarbor/Macedonian-adBlock-Filters",
      "tags" : [ {
        "id" : 1,
        "keyword" : "purpose:ads"
      }, {
        "id" : 10,
        "keyword" : "recommended"
      }, {
        "id" : 71,
        "keyword" : "lang:mk"
      } ],
      "lastTimeDownloaded" : 1698354119000,
      "enabled" : false,
      "trusted" : true
    },
    "relativePathToFilteringRules" : null
  }, {
    "meta" : {
      "id" : 10000,
      "displayOrder" : 0,
      "name" : "Bypass Paywalls Clean filter",
      "description" : "Filters for news sites (supports less sites than the extension/add-on)",
      "version" : "3.4.9.0",
      "group" : "Custom",
      "subscriptionUrl" : "https://gitlab.com/magnolia1234/bypass-paywalls-clean-filters/-/raw/main/bpc-paywall-filter.txt",
      "homepage" : "https://gitlab.com/magnolia1234/bypass-paywalls-clean-filters",
      "tags" : [ ],
      "lastTimeDownloaded" : 1704490488130,
      "enabled" : true,
      "trusted" : true
    },
    "relativePathToFilteringRules" : "/filters/filter_10000.txt"
  }, {
    "meta" : {
      "id" : 10001,
      "displayOrder" : 0,
      "name" : "lol",
      "description" : null,
      "version" : "",
      "group" : "Custom",
      "subscriptionUrl" : "https://userscripts.adtidy.org/beta/popup-blocker/2.5/popupblocker.user.js",
      "homepage" : "",
      "tags" : [ ],
      "lastTimeDownloaded" : 1704291610550,
      "enabled" : false,
      "trusted" : true
    },
    "relativePathToFilteringRules" : "/filters/filter_10001.txt"
  } ],
  "DnsEnableServfailOnUpstreamsFailure" : true,
  "AnnoyancesAndSocialFilters" : [ {
    "meta" : {
      "id" : 14,
      "displayOrder" : 1,
      "name" : "AdGuard Annoyances filter",
      "description" : "Blocks irritating elements on web pages including cookie notices, third-party widgets and in-page pop-ups. Contains the following AdGuard filters: Cookie Notices, Popups, Mobile App Banners, Other Annoyances and Widgets.",
      "version" : "2.1.83.98",
      "group" : "Annoyances",
      "subscriptionUrl" : "https://filters.adtidy.org/android/filters/14_optimized.txt",
      "homepage" : "https://adguard.com/kb/general/ad-filtering/adguard-filters/",
      "tags" : [ {
        "id" : 5,
        "keyword" : "purpose:annoyances"
      } ],
      "lastTimeDownloaded" : 1704583936000,
      "enabled" : true,
      "trusted" : true
    },
    "relativePathToFilteringRules" : "/filters/filter_14.txt"
  }, {
    "meta" : {
      "id" : 207,
      "displayOrder" : 3,
      "name" : "Adblock Warning Removal List",
      "description" : "Removes anti-adblock warnings and other obtrusive messages.",
      "version" : "2.1.41.70",
      "group" : "Annoyances",
      "subscriptionUrl" : "https://easylist-downloads.adblockplus.org/antiadblockfilters.txt",
      "homepage" : "https://easylist.to/",
      "tags" : [ {
        "id" : 50,
        "keyword" : "purpose:antiadblock"
      } ],
      "lastTimeDownloaded" : 1704416532000,
      "enabled" : true,
      "trusted" : true
    },
    "relativePathToFilteringRules" : "/filters/filter_207.txt"
  }, {
    "meta" : {
      "id" : 122,
      "displayOrder" : 100,
      "name" : "Fanboy's Annoyances",
      "description" : "Removes in-page pop-ups and other annoyances. Includes Fanboy's Social Blocking & EasyList Cookie Lists.",
      "version" : "2.1.18.98",
      "group" : "Annoyances",
      "subscriptionUrl" : "https://secure.fanboy.co.nz/fanboy-annoyance_ubo.txt",
      "homepage" : "https://easylist.to/",
      "tags" : [ {
        "id" : 5,
        "keyword" : "purpose:annoyances"
      } ],
      "lastTimeDownloaded" : 1704416525000,
      "enabled" : true,
      "trusted" : true
    },
    "relativePathToFilteringRules" : "/filters/filter_122.txt"
  }, {
    "meta" : {
      "id" : 229,
      "displayOrder" : 100,
      "name" : "I don't care about cookies",
      "description" : "Hides annoying cookie warnings from almost all websites and saves you from unnecessary clicks.",
      "version" : "2.0.4.88",
      "group" : "Annoyances",
      "subscriptionUrl" : "https://www.i-dont-care-about-cookies.eu/abp/",
      "homepage" : "https://www.i-dont-care-about-cookies.eu/",
      "tags" : [ {
        "id" : 6,
        "keyword" : "purpose:cookies"
      } ],
      "lastTimeDownloaded" : 1702544496000,
      "enabled" : true,
      "trusted" : true
    },
    "relativePathToFilteringRules" : "/filters/filter_229.txt"
  }, {
    "meta" : {
      "id" : 241,
      "displayOrder" : 100,
      "name" : "EasyList Cookie List",
      "description" : "Removes cookie and privacy warnings. Already included in Fanboy's Annoyances list.",
      "version" : "2.1.27.1",
      "group" : "Annoyances",
      "subscriptionUrl" : "https://www.fanboy.co.nz/fanboy-cookiemonster.txt",
      "homepage" : "https://easylist.to/",
      "tags" : [ {
        "id" : 6,
        "keyword" : "purpose:cookies"
      } ],
      "lastTimeDownloaded" : 1704416571000,
      "enabled" : true,
      "trusted" : true
    },
    "relativePathToFilteringRules" : "/filters/filter_241.txt"
  }, {
    "meta" : {
      "id" : 250,
      "displayOrder" : 100,
      "name" : "Dandelion Sprout's Annoyances List",
      "description" : "This list is made in the style of AdGuard's and Fanboy's annoyances lists. It combines many of Dandelion Sprout's proudest and most frequently maintained international lists, as a curated compilation for simplicity's sake.",
      "version" : "2.0.12.86",
      "group" : "Annoyances",
      "subscriptionUrl" : "https://raw.githubusercontent.com/DandelionSprout/adfilt/master/AnnoyancesList",
      "homepage" : "https://github.com/DandelionSprout/adfilt",
      "tags" : [ {
        "id" : 5,
        "keyword" : "purpose:annoyances"
      } ],
      "lastTimeDownloaded" : 1703912568000,
      "enabled" : false,
      "trusted" : true
    },
    "relativePathToFilteringRules" : "/filters/filter_250.txt"
  }, {
    "meta" : {
      "id" : 18,
      "displayOrder" : 2,
      "name" : "AdGuard Cookie Notices filter",
      "description" : "Blocks cookie notices on web pages.",
      "version" : "2.0.30.85",
      "group" : "Annoyances",
      "subscriptionUrl" : "https://filters.adtidy.org/android/filters/18_optimized.txt",
      "homepage" : "https://adguard.com/kb/general/ad-filtering/adguard-filters/",
      "tags" : [ {
        "id" : 5,
        "keyword" : "purpose:annoyances"
      }, {
        "id" : 10,
        "keyword" : "recommended"
      } ],
      "lastTimeDownloaded" : 1704583946000,
      "enabled" : true,
      "trusted" : true
    },
    "relativePathToFilteringRules" : "/filters/filter_18.txt"
  }, {
    "meta" : {
      "id" : 19,
      "displayOrder" : 2,
      "name" : "AdGuard Popups filter",
      "description" : "Blocks all kinds of pop-ups that are not necessary for websites' operation according to our Filter policy.",
      "version" : "2.0.29.57",
      "group" : "Annoyances",
      "subscriptionUrl" : "https://filters.adtidy.org/android/filters/19_optimized.txt",
      "homepage" : "https://adguard.com/kb/general/ad-filtering/adguard-filters/",
      "tags" : [ {
        "id" : 5,
        "keyword" : "purpose:annoyances"
      }, {
        "id" : 10,
        "keyword" : "recommended"
      } ],
      "lastTimeDownloaded" : 1704569545000,
      "enabled" : true,
      "trusted" : true
    },
    "relativePathToFilteringRules" : "/filters/filter_19.txt"
  }, {
    "meta" : {
      "id" : 20,
      "displayOrder" : 2,
      "name" : "AdGuard Mobile App Banners filter",
      "description" : "Blocks irritating banners that promote mobile apps of websites.",
      "version" : "2.0.11.64",
      "group" : "Annoyances",
      "subscriptionUrl" : "https://filters.adtidy.org/android/filters/20_optimized.txt",
      "homepage" : "https://adguard.com/kb/general/ad-filtering/adguard-filters/",
      "tags" : [ {
        "id" : 5,
        "keyword" : "purpose:annoyances"
      }, {
        "id" : 10,
        "keyword" : "recommended"
      } ],
      "lastTimeDownloaded" : 1704483138000,
      "enabled" : true,
      "trusted" : true
    },
    "relativePathToFilteringRules" : "/filters/filter_20.txt"
  }, {
    "meta" : {
      "id" : 21,
      "displayOrder" : 2,
      "name" : "AdGuard Other Annoyances filter",
      "description" : "Blocks irritating elements on web pages that do not fall under the popular categories of annoyances.",
      "version" : "2.0.18.41",
      "group" : "Annoyances",
      "subscriptionUrl" : "https://filters.adtidy.org/android/filters/21_optimized.txt",
      "homepage" : "https://adguard.com/kb/general/ad-filtering/adguard-filters/",
      "tags" : [ {
        "id" : 5,
        "keyword" : "purpose:annoyances"
      }, {
        "id" : 10,
        "keyword" : "recommended"
      } ],
      "lastTimeDownloaded" : 1704573149000,
      "enabled" : true,
      "trusted" : true
    },
    "relativePathToFilteringRules" : "/filters/filter_21.txt"
  }, {
    "meta" : {
      "id" : 22,
      "displayOrder" : 2,
      "name" : "AdGuard Widgets filter",
      "description" : "Blocks annoying third-party widgets: online assistants, live support chats, etc.",
      "version" : "2.0.7.1",
      "group" : "Annoyances",
      "subscriptionUrl" : "https://filters.adtidy.org/android/filters/22_optimized.txt",
      "homepage" : "https://adguard.com/kb/general/ad-filtering/adguard-filters/",
      "tags" : [ {
        "id" : 5,
        "keyword" : "purpose:annoyances"
      }, {
        "id" : 10,
        "keyword" : "recommended"
      } ],
      "lastTimeDownloaded" : 1704468763000,
      "enabled" : true,
      "trusted" : true
    },
    "relativePathToFilteringRules" : "/filters/filter_22.txt"
  }, {
    "meta" : {
      "id" : 123,
      "displayOrder" : 2,
      "name" : "Fanboy's Social Blocking List",
      "description" : "Hides and blocks social content, social widgets, social scripts and social icons. Already included in Fanboy's Annoyances list.",
      "version" : "2.1.17.22",
      "group" : "Social",
      "subscriptionUrl" : "https://easylist-downloads.adblockplus.org/fanboy-social.txt",
      "homepage" : "https://easylist.to/",
      "tags" : [ {
        "id" : 3,
        "keyword" : "purpose:social"
      } ],
      "lastTimeDownloaded" : 1704157316000,
      "enabled" : false,
      "trusted" : true
    },
    "relativePathToFilteringRules" : "/filters/filter_123.txt"
  }, {
    "meta" : {
      "id" : 4,
      "displayOrder" : 1,
      "name" : "AdGuard Social Media filter",
      "description" : "Filter for social media widgets such as 'Like' and 'Share' buttons and more.",
      "version" : "2.0.95.70",
      "group" : "Social",
      "subscriptionUrl" : "https://filters.adtidy.org/android/filters/4_optimized.txt",
      "homepage" : "https://adguard.com/kb/general/ad-filtering/adguard-filters/",
      "tags" : [ {
        "id" : 3,
        "keyword" : "purpose:social"
      }, {
        "id" : 10,
        "keyword" : "recommended"
      } ],
      "lastTimeDownloaded" : 1704519176000,
      "enabled" : true,
      "trusted" : true
    },
    "relativePathToFilteringRules" : "/filters/filter_4.txt"
  } ],
  "AdBlockingPermissionsList" : {
    "com.samsung.android.bixby.agent" : null,
    "com.samsung.android.bixby.service" : null,
    "com.instagram.android" : false,
    "com.google.android.apps.messaging" : null,
    "com.android.vending" : null,
    "com.google.android.googlequicksearchbox" : null,
    "com.google.android.apps.tachyon" : null,
    "com.touchtype.swiftkey.beta" : null,
    "com.samsung.android.scloud" : null,
    "com.samsung.android.scpm" : null,
    "com.android.chrome" : null,
    "com.google.android.apps.maps" : null,
    "com.opera.browser" : null,
    "com.sec.android.app.samsungapps" : null,
    "com.google.android.apps.authenticator2" : null,
    "com.x8bit.bitwarden" : null,
    "com.microsoft.appmanager" : null,
    "com.touchtype.swiftkey" : null,
    "com.google.android.feedback" : null,
    "com.samsung.android.themestore" : null,
    "com.github.android" : false,
    "com.aiassistant.so" : false,
    "com.kiwibrowser.browser" : null,
    "com.snapchat.android" : false,
    "com.samsung.accessibility" : null,
    "com.sec.mhs.smarttethering" : null,
    "com.samsung.android.bbc.bbcagent" : null,
    "com.samsung.android.statsd" : null,
    "com.samsung.android.biometrics.app.setting" : null,
    "com.samsung.android.mdecservice" : null,
    "com.sec.android.CcInfo" : null,
    "com.samsung.android.dqagent" : null,
    "com.sec.android.app.parser" : null,
    "com.sec.android.app.dexonpc" : null,
    "com.samsung.android.lool" : null,
    "com.sec.android.app.factorykeystring" : null,
    "com.sec.android.diagmonagent" : null,
    "com.samsung.android.forest" : null,
    "com.samsung.android.da.daagent" : null,
    "com.android.dynsystem" : null,
    "com.samsung.android.emergency" : null,
    "com.samsung.android.aircommandmanager" : null,
    "com.sec.facatfunction" : null,
    "com.samsung.android.provider.filterprovider" : null,
    "com.samsung.android.fmm" : null,
    "com.samsung.android.appbooster" : null,
    "com.samsung.android.hdmapp" : null,
    "com.sec.imsservice" : null,
    "com.sec.imslogger" : null,
    "com.samsung.android.knox.pushmanager" : null,
    "com.sec.android.emergencylauncher" : null,
    "com.samsung.android.memoryguardian" : null,
    "com.samsung.android.app.omcagent" : null,
    "com.sec.app.RilErrorNotifier" : null,
    "com.skms.android.agent" : null,
    "com.samsung.android.svcagent" : null,
    "com.sec.android.app.desktoplauncher" : null,
    "com.sec.android.sdhms" : null,
    "com.sec.android.app.SecSetupWizard" : null,
    "com.samsung.SMT" : null,
    "com.samsung.euicc" : null,
    "com.samsung.oda.service" : null,
    "com.sec.sve" : null,
    "com.samsung.aasaservice" : null,
    "com.sec.android.app.servicemodeapp" : null,
    "com.android.settings" : null,
    "com.sec.android.soagent" : null,
    "com.wssyncmldm" : null,
    "com.sec.android.app.quicktool" : null,
    "com.samsung.android.vtcamerasettings" : null,
    "com.samsung.android.bixby.wakeup" : null,
    "com.samsung.android.app.dressroom" : null,
    "com.samsung.android.wifi.ai" : null,
    "com.sec.android.app.wlantest" : null,
    "com.samsung.android.knox.attestation" : null,
    "com.sec.epdg" : null,
    "com.google.android.apps.walletnfcrel" : null,
    "com.sec.spp.push" : null,
    "com.paypal.android.p2pmobile" : false,
    "com.google.android.captiveportallogin" : null,
    "com.osp.app.signin" : false,
    "com.google.android.ims" : null,
    "com.google.android.projection.gearhead" : null,
    "org.torproject.android" : null
  },
  "RequestTimeout" : 5000,
  "DetectSearchDomains" : false,
  "BlockedResponseTtlSecs" : 3600,
  "HostsRulesBlockingMode" : "ADDRESS",
  "BootstrapUpstreams" : [ ],
  "DnsBlockEch" : false,
  "CustomBlockingIpv6" : "",
  "CustomBlockingIpv4" : "",
  "SelectedSortedByOnAllSubdomainsStatisticsScreen" : "MostBlocked",
  "CustomServers" : [ ],
  "FallbackDomains" : [ "*.local", "*.lan", "lb._dns-sd._udp.*.in-addr.arpa", "epdg.epc.aptg.com.tw", "epdg.epc.att.net", "epdg.mobileone.net.sg", "primgw.vowifina.spcsdns.net", "swu-loopback-epdg.qualcomm.com", "vowifi.jio.com", "weconnect.globe.com.ph", "wlan.three.com.hk", "wo.vzwwo.com", "epdg.epc.*.pub.3gppnetwork.org", "ss.epdg.epc.*.pub.3gppnetwork.org", "dengon.docomo.ne.jp", "dlinkap", "dlinkrouter", "edimax.setup", "fritz.box", "gateway.2wire.net", "miwifi.com", "my.firewall", "my.keenetic.net", "netis.cc", "pocket.wifi", "router.asus.com", "repeater.asus.com", "routerlogin.com", "routerlogin.net", "tendawifi.com", "tendawifi.net", "tplinklogin.net", "tplinkwifi.net", "tplinkrepeater.net", "oppowifi.com", "myrepeater.net", "mywifi.net", "setup.pix-link.net", "tplinkdeco.net", "tplinkextender.net", "www.asusrouter.com" ],
  "DisabledUserRules" : [ ],
  "SelectedNetworkTypeForDataUsageOnStatisticsScreen" : "Any",
  "FallbackUpstreamsType" : "Automatic",
  "AllAllowListRules" : "",
  "DnsFilteringEnabled" : true,
  "UserFiltersEnabled" : true,
  "SelectedStatisticsDatePeriod" : "AllTime",
  "SelectedNetworkTypeForDnsOnStatisticsScreen" : "Any",
  "WhatsNewDialogShownLastVersion" : "4.0",
  "DnsEnableUpstreamsValidation" : true,
  "DnsModuleEnabled" : true,
  "TrafficFilteringPermissionsList" : {
    "com.samsung.android.bixby.agent" : null,
    "com.samsung.android.bixby.service" : null,
    "com.instagram.android" : false,
    "com.google.android.apps.messaging" : false,
    "com.android.vending" : false,
    "com.google.android.googlequicksearchbox" : null,
    "com.google.android.apps.tachyon" : null,
    "com.touchtype.swiftkey.beta" : null,
    "com.samsung.android.scloud" : false,
    "com.samsung.android.scpm" : false,
    "com.android.chrome" : null,
    "com.google.android.apps.maps" : null,
    "com.opera.browser" : null,
    "com.sec.android.app.samsungapps" : null,
    "com.google.android.apps.authenticator2" : null,
    "com.x8bit.bitwarden" : null,
    "com.microsoft.appmanager" : false,
    "com.touchtype.swiftkey" : null,
    "com.google.android.feedback" : null,
    "com.samsung.android.themestore" : null,
    "com.github.android" : false,
    "com.aiassistant.so" : false,
    "com.kiwibrowser.browser" : null,
    "com.snapchat.android" : false,
    "com.samsung.accessibility" : null,
    "com.sec.mhs.smarttethering" : null,
    "com.samsung.android.bbc.bbcagent" : null,
    "com.samsung.android.statsd" : null,
    "com.samsung.android.biometrics.app.setting" : null,
    "com.samsung.android.mdecservice" : null,
    "com.sec.android.CcInfo" : null,
    "com.samsung.android.dqagent" : null,
    "com.sec.android.app.parser" : null,
    "com.sec.android.app.dexonpc" : null,
    "com.samsung.android.lool" : null,
    "com.sec.android.app.factorykeystring" : null,
    "com.sec.android.diagmonagent" : null,
    "com.samsung.android.forest" : null,
    "com.samsung.android.da.daagent" : null,
    "com.android.dynsystem" : null,
    "com.samsung.android.emergency" : null,
    "com.samsung.android.aircommandmanager" : null,
    "com.sec.facatfunction" : null,
    "com.samsung.android.provider.filterprovider" : null,
    "com.samsung.android.fmm" : null,
    "com.samsung.android.appbooster" : null,
    "com.samsung.android.hdmapp" : null,
    "com.sec.imsservice" : null,
    "com.sec.imslogger" : null,
    "com.samsung.android.knox.pushmanager" : null,
    "com.sec.android.emergencylauncher" : null,
    "com.samsung.android.memoryguardian" : null,
    "com.samsung.android.app.omcagent" : null,
    "com.sec.app.RilErrorNotifier" : null,
    "com.skms.android.agent" : null,
    "com.samsung.android.svcagent" : null,
    "com.sec.android.app.desktoplauncher" : null,
    "com.sec.android.sdhms" : null,
    "com.sec.android.app.SecSetupWizard" : null,
    "com.samsung.SMT" : null,
    "com.samsung.euicc" : null,
    "com.samsung.oda.service" : null,
    "com.sec.sve" : null,
    "com.samsung.aasaservice" : null,
    "com.sec.android.app.servicemodeapp" : null,
    "com.android.settings" : null,
    "com.sec.android.soagent" : null,
    "com.wssyncmldm" : null,
    "com.sec.android.app.quicktool" : null,
    "com.samsung.android.vtcamerasettings" : null,
    "com.samsung.android.bixby.wakeup" : null,
    "com.samsung.android.app.dressroom" : null,
    "com.samsung.android.wifi.ai" : null,
    "com.sec.android.app.wlantest" : null,
    "com.samsung.android.knox.attestation" : null,
    "com.sec.epdg" : null,
    "com.google.android.apps.walletnfcrel" : false,
    "com.sec.spp.push" : false,
    "com.paypal.android.p2pmobile" : null,
    "com.google.android.captiveportallogin" : false,
    "com.osp.app.signin" : null,
    "com.google.android.ims" : false,
    "com.google.android.projection.gearhead" : false,
    "org.torproject.android" : false
  },
  "DnsUserFiltersEnabled" : true,
  "SelectedStatisticsSortedByForApplications" : "MostBlocked",
  "AdBlockRulesBlockingMode" : "REFUSED",
  "IntegrationDialogWasShown" : false,
  "AllUserRules" : [ ],
  "DnsFilters" : [ {
    "meta" : {
      "id" : 15,
      "displayOrder" : 3,
      "name" : "AdGuard DNS filter (Optimized)",
      "description" : "Filter composed of several other filters (AdGuard Base filter, Social Media filter, Tracking Protection filter, Mobile Ads filter, EasyList and EasyPrivacy) and simplified specifically to be better compatible with DNS-level ad blocking.",
      "version" : "2.0.60.19",
      "group" : "Other",
      "subscriptionUrl" : "https://filters.adtidy.org/android/filters/15_optimized.txt",
      "homepage" : "https://adguard.com/kb/general/ad-filtering/adguard-filters/",
      "tags" : [ {
        "id" : 45,
        "keyword" : "problematic"
      }, {
        "id" : 1,
        "keyword" : "purpose:ads"
      }, {
        "id" : 2,
        "keyword" : "purpose:privacy"
      } ],
      "lastTimeDownloaded" : 1704612945608,
      "enabled" : true,
      "rulesCount" : 56421
    },
    "relativePathToFilteringRules" : "/dns_filters/filter_15.txt"
  } ],
  "ForeverDismissedHttpsFilteringSnackbar" : false,
  "SelectedNetworkTypeForRequestsOnStatisticsScreen" : "Any",
  "SelectedStatisticsSortedByForCompanies" : "MostBlocked",
  "OutboundProxyDnsUpstreams" : [ ],
  "DnsEnableFallbackForNonFallbackDomains" : true,
  "DnsTryHttp3ForDoH" : false,
  "AllowListEnabled" : true,
  "ExitDialogShouldBeShown" : true,
  "DnsCacheSize" : 1000
}